interval,irradiance,power,photovoltaic_power
00:00-01:00,0.0,0.0,0.0
01:00-02:00,0.0,0.0,0.0
02:00-03:00,0.0,0.0,0.0
03:00-04:00,0.0,0.0,0.0
04:00-05:00,0.0,0.0,0.0
05:00-06:00,0.4,0.1,1.2
06:00-07:00,58.5,14.0,175.0
07:00-08:00,203.6,48.9,611.2
08:00-09:00,375.9,90.2,1127.5
09:00-10:00,548.5,131.6,1645.0
10:00-11:00,669.3,160.6,2007.5
11:00-12:00,725.8,174.2,2177.5
12:00-13:00,700.4,168.1,2101.2
13:00-14:00,628.2,150.8,1885.0
14:00-15:00,509.8,122.4,1530.0
15:00-16:00,340.8,81.8,1022.5
16:00-17:00,171.1,41.1,513.8
17:00-18:00,36.2,8.7,108.8
18:00-19:00,0.0,0.0,0.0
19:00-20:00,0.0,0.0,0.0
20:00-21:00,0.0,0.0,0.0
21:00-22:00,0.0,0.0,0.0
22:00-23:00,0.0,0.0,0.0
23:00-00:00,0.0,0.0,0.0
